population,densityTerms
0.566126549325848,0.990550387352773
0.44997320387349,0.992346525144475
0.452566555008712,0.992306022015811
0.500511952999983,0.991560652110286
0.527351113704434,0.991146109002507
0.527351113704434,0.991146109002507
0.556872549510398,0.990692230073596
0.556872549510398,0.990692230073596
0.573744702143169,0.99043376943357
0.51669333272635,0.991310500791123
0.509943216191677,0.99141476917869
0.517931020952172,0.991291395096946
0.517931020952172,0.991291395096946
0.504351776306839,0.991501229418207
0.504351776306839,0.991501229418207
0.503244997119349,0.991518353240531
0.493183544620256,0.991674170823695
0.451374801646487,0.992324632438551
0.453482090475187,0.99229172784583
0.453482090475188,0.99229172784583
0.383174582391183,0.993396992553144
0.383174582391183,0.993396992553144
0.385523492936398,0.993359805533175
0.385523492936398,0.993359805533175
0.385523492936398,0.993359805533175
0.385523492936398,0.993359805533175
0.404966034795286,0.993052720000853
0.404966034795286,0.993052720000853
0.404966034795287,0.993052720000853
0.425112579591321,0.992735825323752
0.474726063981488,0.991960727376768
0.466377695658809,0.992090648675948
0.600011579623557,0.990032698681164
0.600011579623557,0.990032698681164
0.526521423345889,0.991158896281499
0.526521423345889,0.991158896281499
0.545102574136581,0.990872932628446
0.657431634917948,0.989161186200136
0.623049055249714,0.989682198829379
0.668210734357569,0.988998345102091
0.668210734357569,0.988998345102091
0.611715967083177,0.989854480011149
0.611715967083177,0.989854480011149
0.602002955866783,0.990002355413643
0.53656642373635,0.991004197611835
0.607312318867464,0.989921497593921
0.696329569855115,0.988574631332127
0.696329569855115,0.988574631332127
0.721469490607765,0.98819708915691
0.721469490607765,0.98819708915691
0.632479983627996,0.989539042771055
0.66148226815547,0.989099965427574
0.655515602398883,0.989190156441272
0.655515602398883,0.989190156441272
0.655515602398883,0.989190156441272
0.77216183941296,0.987439324180093
0.77216183941296,0.987439324180093
0.77216183941296,0.987439324180093
0.888412772673258,0.985717943813737
0.798141568499121,0.987052713334397
0.839336168766042,0.986441991422031
0.839336168766042,0.986441991422031
0.768011273408017,0.987501197020285
0.768011273408017,0.987501197020285
0.768295027170212,0.98749696612631
0.642081874536196,0.989393483780858
0.627249565216268,0.989618414225712
0.589221989119814,0.990197256808511
0.589221989119814,0.990197256808511
0.536112316863387,0.991011185686704
0.536112316863387,0.991011185686704
0.540113995073022,0.99094962295046
0.566661424738542,0.990542195108348
0.616772949153281,0.989777571549719
0.621171557802677,0.989710720730607
0.621171557802676,0.989710720730607
0.875512526054702,0.985907905699674
0.875512526054703,0.985907905699674
0.849875779116886,0.986286179113852
1.03125243739164,0.98363065516264
0.890489481720531,0.985687386947444
1.08049198547626,0.982917524679768
1.08049198547626,0.982917524679768
0.89138529635489,0.985674207866883
0.891385296354891,0.985674207866883
0.961214637685672,0.984650522526365
1.02573526571582,0.983710755305288
1.0778731177249,0.982955375592491
1.12185375989109,0.982320845961612
1.12185375989109,0.982320845961612
1.12062815263978,0.982338496209535
1.12062815263978,0.982338496209535
1.05937198120536,0.983223022500499
1.0552261401983,0.983283058158491
1.11553457478374,0.982411869531088
1.11553457478374,0.982411869531088
1.11553457478374,0.982411869531088
1.04300598238414,0.983460146181414
1.04300598238414,0.983460146181414
1.0956983931917,0.98269791361874
0.966728484158337,0.984569988241339
0.945814492369492,0.98487568094634
1.04381185766156,0.983448461918863
1.04381185766157,0.983448461918863
1.19602066132872,0.981256074703735
1.19602066132872,0.981256074703735
0.967849937739039,0.984553613681526
1.01485701001586,0.983868807247863
1.08141390579787,0.982904202069072
1.08549053129221,0.982845303790975
1.08549053129221,0.982845303790975
1.0314828235871,0.983627311208905
1.0314828235871,0.983627311208905
1.19060991992351,0.981333536603875
1.13165180941442,0.982179807346365
1.21752180563662,0.980948586572093
1.17225286904696,0.981596593081819
1.17225286904696,0.981596593081819
1.17225286904696,0.981596593081819
1.15047411411819,0.9819091916571
1.15047411411819,0.9819091916571
1.15047411411819,0.9819091916571
1.0377921990942,0.98353576042637
0.933230957208324,0.985059909500523
0.933230957208323,0.985059909500523
0.997250493614724,0.984124949904915
0.997250493614724,0.984124949904915
0.869161922902169,0.986001514651047
0.730144450680341,0.988067084952552
0.709296239432841,0.988379754209805
0.707333667405844,0.988409229427092
0.707333667405844,0.988409229427092
0.995547556637733,0.984149746682104
0.995547556637733,0.984149746682104
0.955207008638319,0.984738317453765
1.089943568478,0.982780990933747
0.794235485507717,0.987110767598252
0.909300848359417,0.985410889538587
0.909300848359417,0.985410889538587
0.760923588181738,0.987606923110619
0.760923588181738,0.987606923110619
0.83960349551037,0.986438037214711
0.848784751416341,0.986302300153436
0.761136002231417,0.987603753279819
0.719264302806809,0.988230158531602
0.719264302806809,0.988230158531602
0.729189595736892,0.988081387783104
0.729189595736892,0.988081387783104
0.726605668259547,0.988120100961127
0.809181563703749,0.986888768973806
0.721690605408166,0.988193773777732
0.695946240115371,0.98858039729383
0.695946240115371,0.98858039729383
0.868505495861133,0.986011194038199
0.868505495861133,0.986011194038199
0.81860828778003,0.986748941391073
0.81860828778003,0.986748941391073
0.7495063247666,0.987777418726636
0.882071011273322,0.985811297422961
0.882071011273322,0.985811297422961
1.0635605405369,0.983162390569048
1.0635605405369,0.983162390569048
1.0635605405369,0.983162390569048
0.890683367935575,0.985684534422093
0.785120147181695,0.987246344702959
0.784470861335433,0.987256007243561
0.784470861335433,0.987256007243561
0.714810347578646,0.988296978332406
0.714810347578646,0.988296978332406
0.692403358855696,0.988633701872216
0.692403358855696,0.988633701872216
0.692403358855696,0.988633701872216
0.692403358855696,0.988633701872216
0.692403358855696,0.988633701872216
0.692403358855696,0.988633701872216
0.692403358855696,0.988633701872216
0.692403358855696,0.988633701872216
0.999999999999999,0.984084922125416
0.999999999999999,0.984084922125416
1,0.984084922125416
